{
  "random_forest": {
    "model": "Random Forest",
    "stats": {
      "hp": {
        "rmse": 17.726258629502166,
        "r2": 0.2242241630456251
      },
      "attack": {
        "rmse": 20.31428093731107,
        "r2": 0.16690805949358778
      },
      "defense": {
        "rmse": 18.012189483791246,
        "r2": -0.07944826324194842
      },
      "speed": {
        "rmse": 22.647471050870116,
        "r2": 0.03749300743590345
      },
      "sp_attack": {
        "rmse": 30.638691714888875,
        "r2": -0.053181271754770165
      },
      "sp_defense": {
        "rmse": 20.12640653469963,
        "r2": 0.08484619685853245
      }
    },
    "overall_r2": 0.06347364863948836
  },
  "cross_validation_rf": {
    "cv_scores": [
      -0.03187304785871845,
      -0.04553300190270045,
      -0.11795137041652491,
      -0.009163859665604753,
      0.029704027164061564
    ],
    "mean_cv_score": -0.0349634505358974,
    "std_cv_score": 0.04869448102622151
  }
}