{
  "random_forest": {
    "model": "Random Forest",
    "stats": {
      "hp": {
        "rmse": 17.44386296093844,
        "r2": 0.2487449264270194
      },
      "attack": {
        "rmse": 19.991918867382388,
        "r2": 0.193138513871575
      },
      "defense": {
        "rmse": 17.615398945241065,
        "r2": -0.03241376097950521
      },
      "speed": {
        "rmse": 22.64221797881118,
        "r2": 0.03793946189392672
      },
      "sp_attack": {
        "rmse": 30.800265907943064,
        "r2": -0.06431853611607363
      },
      "sp_defense": {
        "rmse": 20.255495920860586,
        "r2": 0.07306908178999316
      }
    },
    "overall_r2": 0.0760266144811559
  },
  "xgboost": {
    "model": "XGBoost",
    "stats": {
      "hp": {
        "rmse": 18.819831712154816,
        "r2": 0.12555289268493652
      },
      "attack": {
        "rmse": 19.99598500959396,
        "r2": 0.19281023740768433
      },
      "defense": {
        "rmse": 21.220278790194858,
        "r2": -0.49820423126220703
      },
      "speed": {
        "rmse": 22.473914729341633,
        "r2": 0.05218857526779175
      },
      "sp_attack": {
        "rmse": 29.29860411564005,
        "r2": 0.03693270683288574
      },
      "sp_defense": {
        "rmse": 22.12060572203586,
        "r2": -0.10549211502075195
      }
    },
    "overall_r2": -0.0327019989490509
  },
  "neural_network": {
    "model": "Neural Network",
    "stats": {
      "hp": {
        "rmse": 18.492255162001268,
        "r2": 0.15572905540466309
      },
      "attack": {
        "rmse": 24.31060203067275,
        "r2": -0.19311261177062988
      },
      "defense": {
        "rmse": 16.201175524600252,
        "r2": 0.12670308351516724
      },
      "speed": {
        "rmse": 28.039617576004737,
        "r2": -0.47539615631103516
      },
      "sp_attack": {
        "rmse": 24.685250095261846,
        "r2": 0.31634366512298584
      },
      "sp_defense": {
        "rmse": 18.500353835562596,
        "r2": 0.22674685716629028
      }
    },
    "overall_r2": 0.02616899274289608
  },
  "cross_validation_rf": {
    "cv_scores": [
      -0.025069668132032152,
      -0.043569599410893035,
      -0.10202276378916081,
      0.015005988950405466,
      0.005102559583369563
    ],
    "mean_cv_score": -0.03011069655966219,
    "std_cv_score": 0.04160141383750337
  }
}