{
  "random_forest": {
    "model": "Random Forest",
    "stats": {
      "hp": {
        "rmse": 17.726258629502166,
        "r2": 0.2242241630456251
      },
      "attack": {
        "rmse": 20.31428093731107,
        "r2": 0.16690805949358778
      },
      "defense": {
        "rmse": 18.012189483791246,
        "r2": -0.07944826324194842
      },
      "speed": {
        "rmse": 22.647471050870116,
        "r2": 0.03749300743590345
      },
      "sp_attack": {
        "rmse": 30.638691714888875,
        "r2": -0.053181271754770165
      },
      "sp_defense": {
        "rmse": 20.12640653469963,
        "r2": 0.08484619685853245
      }
    },
    "overall_r2": 0.06347364863948836
  },
  "xgboost": {
    "model": "XGBoost",
    "stats": {
      "hp": {
        "rmse": 18.317385493790454,
        "r2": 0.17162102460861206
      },
      "attack": {
        "rmse": 21.619057252216372,
        "r2": 0.056453049182891846
      },
      "defense": {
        "rmse": 22.338954768441706,
        "r2": -0.6603305339813232
      },
      "speed": {
        "rmse": 24.307071815304596,
        "r2": -0.10874009132385254
      },
      "sp_attack": {
        "rmse": 31.81727884968225,
        "r2": -0.1357659101486206
      },
      "sp_defense": {
        "rmse": 21.229532594930554,
        "r2": -0.01822209358215332
      }
    },
    "overall_r2": -0.11583074182271957
  },
  "neural_network": {
    "model": "Neural Network",
    "stats": {
      "hp": {
        "rmse": 18.830910225786766,
        "r2": 0.12452304363250732
      },
      "attack": {
        "rmse": 24.963149109769034,
        "r2": -0.25802361965179443
      },
      "defense": {
        "rmse": 16.193815317614796,
        "r2": 0.12749648094177246
      },
      "speed": {
        "rmse": 29.758268858078548,
        "r2": -0.6618039608001709
      },
      "sp_attack": {
        "rmse": 25.84642684708505,
        "r2": 0.25051349401474
      },
      "sp_defense": {
        "rmse": 19.233215941671958,
        "r2": 0.1642710566520691
      }
    },
    "overall_r2": -0.042170584201812744
  },
  "cross_validation_rf": {
    "cv_scores": [
      -0.03187304785871845,
      -0.04553300190270045,
      -0.11795137041652491,
      -0.009163859665604753,
      0.029704027164061564
    ],
    "mean_cv_score": -0.0349634505358974,
    "std_cv_score": 0.04869448102622151
  }
}