{
  "random_forest": {
    "model": "Random Forest",
    "stats": {
      "hp": {
        "rmse": 22.93057467661899,
        "r2": 0.12415516846493069
      },
      "attack": {
        "rmse": 22.898108983057966,
        "r2": 0.1189322886909765
      },
      "defense": {
        "rmse": 26.307005435815,
        "r2": 0.14958584524263008
      },
      "speed": {
        "rmse": 25.23374437137699,
        "r2": 0.06587810415207296
      },
      "sp_attack": {
        "rmse": 27.304012067826225,
        "r2": -0.013901467113204058
      },
      "sp_defense": {
        "rmse": 21.676664295965836,
        "r2": -0.007780750670241421
      }
    },
    "overall_r2": 0.07281153146119412
  },
  "xgboost": {
    "model": "XGBoost",
    "stats": {
      "hp": {
        "rmse": 23.129642164972797,
        "r2": 0.1088823676109314
      },
      "attack": {
        "rmse": 25.471028943285496,
        "r2": -0.09019207954406738
      },
      "defense": {
        "rmse": 29.644140828319156,
        "r2": -0.07985472679138184
      },
      "speed": {
        "rmse": 24.792441612975768,
        "r2": 0.09826534986495972
      },
      "sp_attack": {
        "rmse": 26.786099327589675,
        "r2": 0.024197876453399658
      },
      "sp_defense": {
        "rmse": 23.5886959094188,
        "r2": -0.19340813159942627
      }
    },
    "overall_r2": -0.0220181941986084
  },
  "neural_network": {
    "model": "Neural Network",
    "stats": {
      "hp": {
        "rmse": 26.283093908264014,
        "r2": -0.15066838264465332
      },
      "attack": {
        "rmse": 23.81419034149794,
        "r2": 0.047024548053741455
      },
      "defense": {
        "rmse": 27.024301400978665,
        "r2": 0.10257828235626221
      },
      "speed": {
        "rmse": 25.54998547577865,
        "r2": 0.04231762886047363
      },
      "sp_attack": {
        "rmse": 23.763459898911766,
        "r2": 0.23199832439422607
      },
      "sp_defense": {
        "rmse": 18.51902411441787,
        "r2": 0.2644413113594055
      }
    },
    "overall_r2": 0.08961529284715652
  },
  "cross_validation_rf": {
    "cv_scores": [
      -0.027686016391377855,
      0.10797071227694176,
      0.05980292941053598,
      -0.16166022565138893,
      0.06333656042797044
    ],
    "mean_cv_score": 0.008352792014536278,
    "std_cv_score": 0.09570505039088457
  }
}