{
  "random_forest": {
    "model": "Random Forest",
    "stats": {
      "hp": {
        "rmse": 22.93057467661899,
        "r2": 0.12415516846493069
      },
      "attack": {
        "rmse": 22.898108983057966,
        "r2": 0.1189322886909765
      },
      "defense": {
        "rmse": 26.307005435815,
        "r2": 0.14958584524263008
      },
      "speed": {
        "rmse": 25.23374437137699,
        "r2": 0.06587810415207296
      },
      "sp_attack": {
        "rmse": 27.304012067826225,
        "r2": -0.013901467113204058
      },
      "sp_defense": {
        "rmse": 21.676664295965836,
        "r2": -0.007780750670241421
      }
    },
    "overall_r2": 0.07281153146119412
  },
  "cross_validation_rf": {
    "cv_scores": [
      -0.027686016391377855,
      0.10797071227694176,
      0.05980292941053598,
      -0.16166022565138893,
      0.06333656042797044
    ],
    "mean_cv_score": 0.008352792014536278,
    "std_cv_score": 0.09570505039088457
  }
}