{
  "neural_network": {
    "model": "Neural Network",
    "stats": {
      "hp": {
        "rmse": 15.774805305355594,
        "r2": 0.3856298327445984
      },
      "attack": {
        "rmse": 22.53802464573239,
        "r2": -0.02546703815460205
      },
      "defense": {
        "rmse": 13.483048710846612,
        "r2": 0.3951537013053894
      },
      "speed": {
        "rmse": 24.246399287687414,
        "r2": -0.10321199893951416
      },
      "sp_attack": {
        "rmse": 24.866581244573382,
        "r2": 0.3062628507614136
      },
      "sp_defense": {
        "rmse": 17.571624666154325,
        "r2": 0.3024337887763977
      }
    },
    "overall_r2": 0.21013350784778595
  }
}