{
  "xgboost": {
    "model": "XGBoost",
    "stats": {
      "hp": {
        "rmse": 18.317385493790454,
        "r2": 0.17162102460861206
      },
      "attack": {
        "rmse": 21.619057252216372,
        "r2": 0.056453049182891846
      },
      "defense": {
        "rmse": 22.338954768441706,
        "r2": -0.6603305339813232
      },
      "speed": {
        "rmse": 24.307071815304596,
        "r2": -0.10874009132385254
      },
      "sp_attack": {
        "rmse": 31.81727884968225,
        "r2": -0.1357659101486206
      },
      "sp_defense": {
        "rmse": 21.229532594930554,
        "r2": -0.01822209358215332
      }
    },
    "overall_r2": -0.11583074182271957
  }
}