{
  "neural_network": {
    "model": "Neural Network",
    "stats": {
      "hp": {
        "rmse": 24.764508551333346,
        "r2": -0.021542906761169434
      },
      "attack": {
        "rmse": 21.649432718011777,
        "r2": 0.21240472793579102
      },
      "defense": {
        "rmse": 26.909635430527597,
        "r2": 0.11017781496047974
      },
      "speed": {
        "rmse": 26.287891179329126,
        "r2": -0.01379859447479248
      },
      "sp_attack": {
        "rmse": 23.13808487493482,
        "r2": 0.2718889117240906
      },
      "sp_defense": {
        "rmse": 17.56619299890017,
        "r2": 0.33818519115448
      }
    },
    "overall_r2": 0.14955252408981323
  }
}