{
  "random_forest": {
    "model": "Random Forest",
    "stats": {
      "hp": {
        "rmse": 17.726258629502166,
        "r2": 0.2242241630456251
      },
      "attack": {
        "rmse": 20.31428093731107,
        "r2": 0.16690805949358778
      },
      "defense": {
        "rmse": 18.012189483791246,
        "r2": -0.07944826324194842
      },
      "speed": {
        "rmse": 22.647471050870116,
        "r2": 0.03749300743590345
      },
      "sp_attack": {
        "rmse": 30.638691714888875,
        "r2": -0.053181271754770165
      },
      "sp_defense": {
        "rmse": 20.12640653469963,
        "r2": 0.08484619685853245
      }
    },
    "overall_r2": 0.06347364863948836
  },
  "xgboost": {
    "model": "XGBoost",
    "stats": {
      "hp": {
        "rmse": 18.317385493790454,
        "r2": 0.17162102460861206
      },
      "attack": {
        "rmse": 21.619057252216372,
        "r2": 0.056453049182891846
      },
      "defense": {
        "rmse": 22.338954768441706,
        "r2": -0.6603305339813232
      },
      "speed": {
        "rmse": 24.307071815304596,
        "r2": -0.10874009132385254
      },
      "sp_attack": {
        "rmse": 31.81727884968225,
        "r2": -0.1357659101486206
      },
      "sp_defense": {
        "rmse": 21.229532594930554,
        "r2": -0.01822209358215332
      }
    },
    "overall_r2": -0.11583074182271957
  },
  "neural_network": {
    "model": "Neural Network",
    "stats": {
      "hp": {
        "rmse": 16.14771368418955,
        "r2": 0.3562397360801697
      },
      "attack": {
        "rmse": 22.30797507514129,
        "r2": -0.004639625549316406
      },
      "defense": {
        "rmse": 16.975703211110837,
        "r2": 0.041208088397979736
      },
      "speed": {
        "rmse": 24.78786215774895,
        "r2": -0.15303540229797363
      },
      "sp_attack": {
        "rmse": 25.410427374130045,
        "r2": 0.27558624744415283
      },
      "sp_defense": {
        "rmse": 19.028101969213356,
        "r2": 0.18200141191482544
      }
    },
    "overall_r2": 0.11622674018144608
  },
  "cross_validation_rf": {
    "cv_scores": [
      -0.03187304785871845,
      -0.04553300190270045,
      -0.11795137041652491,
      -0.009163859665604753,
      0.029704027164061564
    ],
    "mean_cv_score": -0.0349634505358974,
    "std_cv_score": 0.04869448102622151
  }
}