{
  "random_forest": {
    "model": "Random Forest",
    "stats": {
      "hp": {
        "rmse": 17.726258629502166,
        "r2": 0.2242241630456251
      },
      "attack": {
        "rmse": 20.31428093731107,
        "r2": 0.16690805949358778
      },
      "defense": {
        "rmse": 18.012189483791246,
        "r2": -0.07944826324194842
      },
      "speed": {
        "rmse": 22.647471050870116,
        "r2": 0.03749300743590345
      },
      "sp_attack": {
        "rmse": 30.638691714888875,
        "r2": -0.053181271754770165
      },
      "sp_defense": {
        "rmse": 20.12640653469963,
        "r2": 0.08484619685853245
      }
    },
    "overall_r2": 0.06347364863948836
  },
  "xgboost": {
    "model": "XGBoost",
    "stats": {
      "hp": {
        "rmse": 18.317385493790454,
        "r2": 0.17162102460861206
      },
      "attack": {
        "rmse": 21.619057252216372,
        "r2": 0.056453049182891846
      },
      "defense": {
        "rmse": 22.338954768441706,
        "r2": -0.6603305339813232
      },
      "speed": {
        "rmse": 24.307071815304596,
        "r2": -0.10874009132385254
      },
      "sp_attack": {
        "rmse": 31.81727884968225,
        "r2": -0.1357659101486206
      },
      "sp_defense": {
        "rmse": 21.229532594930554,
        "r2": -0.01822209358215332
      }
    },
    "overall_r2": -0.11583074182271957
  },
  "neural_network": {
    "model": "Neural Network",
    "stats": {
      "hp": {
        "rmse": 16.83319293174482,
        "r2": 0.3004237413406372
      },
      "attack": {
        "rmse": 22.117268908804608,
        "r2": 0.012463808059692383
      },
      "defense": {
        "rmse": 14.211368061440615,
        "r2": 0.3280443549156189
      },
      "speed": {
        "rmse": 27.236685483604873,
        "r2": -0.39210808277130127
      },
      "sp_attack": {
        "rmse": 25.801114506269396,
        "r2": 0.2531391382217407
      },
      "sp_defense": {
        "rmse": 17.81413866503102,
        "r2": 0.28304606676101685
      }
    },
    "overall_r2": 0.13083484768867493
  },
  "cross_validation_rf": {
    "cv_scores": [
      -0.03187304785871845,
      -0.04553300190270045,
      -0.11795137041652491,
      -0.009163859665604753,
      0.029704027164061564
    ],
    "mean_cv_score": -0.0349634505358974,
    "std_cv_score": 0.04869448102622151
  }
}